{
  "5": {
    "max_depth": 3,
    "eta": 0.07144298156528732,
    "subsample": 0.9292989599556912,
    "colsample_bytree": 0.8486840145296819,
    "min_child_weight": 1.8475961309888458,
    "lambda": 9.756223516367559,
    "alpha": 3.805698509951765
  },
  "15": {
    "max_depth": 7,
    "eta": 0.09391359081291807,
    "subsample": 0.9372810204187323,
    "colsample_bytree": 0.5982173328572866,
    "min_child_weight": 3.792913056100853,
    "lambda": 7.774048382411776,
    "alpha": 4.859132130304837
  },
  "30": {
    "max_depth": 8,
    "eta": 0.14936502616170919,
    "subsample": 0.8860524456772928,
    "colsample_bytree": 0.6554807549603832,
    "min_child_weight": 7.1889854424948325,
    "lambda": 7.054063654840127,
    "alpha": 1.9392084758182486
  }
}